Info,System,0 out of 108 users successfully created
Error,row 1,Unable to add user: The Expiry date column contains an invalid value. The required format is 'yyyy-MM-dd'.
Error,row 2,Unable to add user: The Expiry date column contains an invalid value. The required format is 'yyyy-MM-dd'.
Error,row 3,Unable to add user: The Expiry date column contains an invalid value. The required format is 'yyyy-MM-dd'.
Error,row 4,Unable to add user: The Expiry date column contains an invalid value. The required format is 'yyyy-MM-dd'.
Error,row 5,Unable to add user: The Expiry date column contains an invalid value. The required format is 'yyyy-MM-dd'.
Error,row 6,Unable to add user: The Expiry date column contains an invalid value. The required format is 'yyyy-MM-dd'.
Error,row 7,Unable to add user: The Expiry date column contains an invalid value. The required format is 'yyyy-MM-dd'.
Error,row 8,Unable to add user: The Expiry date column contains an invalid value. The required format is 'yyyy-MM-dd'.
Error,row 9,Unable to add user: The Expiry date column contains an invalid value. The required format is 'yyyy-MM-dd'.
Error,row 10,Unable to add user: The Expiry date column contains an invalid value. The required format is 'yyyy-MM-dd'.
Error,row 11,Unable to add user: The Expiry date column contains an invalid value. The required format is 'yyyy-MM-dd'.
Error,row 12,Unable to add user: The Expiry date column contains an invalid value. The required format is 'yyyy-MM-dd'.
Error,row 13,Unable to add user: The Expiry date column contains an invalid value. The required format is 'yyyy-MM-dd'.
Error,row 14,Unable to add user: The Expiry date column contains an invalid value. The required format is 'yyyy-MM-dd'.
Error,row 15,Unable to add user: The Expiry date column contains an invalid value. The required format is 'yyyy-MM-dd'.
Error,row 16,Unable to add user: The Expiry date column contains an invalid value. The required format is 'yyyy-MM-dd'.
Error,row 17,Unable to add user: The Expiry date column contains an invalid value. The required format is 'yyyy-MM-dd'.
Error,row 18,Unable to add user: The Expiry date column contains an invalid value. The required format is 'yyyy-MM-dd'.
Error,row 19,Unable to add user: The Expiry date column contains an invalid value. The required format is 'yyyy-MM-dd'.
Error,row 20,Unable to add user: The Expiry date column contains an invalid value. The required format is 'yyyy-MM-dd'.
Error,row 21,Unable to add user: The Expiry date column contains an invalid value. The required format is 'yyyy-MM-dd'.
Error,row 22,Unable to add user: The Expiry date column contains an invalid value. The required format is 'yyyy-MM-dd'.
Error,row 23,Unable to add user: The Expiry date column contains an invalid value. The required format is 'yyyy-MM-dd'.
Error,row 24,Unable to add user: The Expiry date column contains an invalid value. The required format is 'yyyy-MM-dd'.
Error,row 25,Unable to add user: The Expiry date column contains an invalid value. The required format is 'yyyy-MM-dd'.
Error,row 26,Unable to add user: The Expiry date column contains an invalid value. The required format is 'yyyy-MM-dd'.
Error,row 27,Unable to add user: The Expiry date column contains an invalid value. The required format is 'yyyy-MM-dd'.
Error,row 28,Unable to add user: The Expiry date column contains an invalid value. The required format is 'yyyy-MM-dd'.
Error,row 29,Unable to add user: The Expiry date column contains an invalid value. The required format is 'yyyy-MM-dd'.
Error,row 30,Unable to add user: The Expiry date column contains an invalid value. The required format is 'yyyy-MM-dd'.
Error,row 31,Unable to add user: The Expiry date column contains an invalid value. The required format is 'yyyy-MM-dd'.
Error,row 32,Unable to add user: The Expiry date column contains an invalid value. The required format is 'yyyy-MM-dd'.
Error,row 33,Unable to add user: The Expiry date column contains an invalid value. The required format is 'yyyy-MM-dd'.
Error,row 34,Unable to add user: The Expiry date column contains an invalid value. The required format is 'yyyy-MM-dd'.
Error,row 35,Unable to add user: The Expiry date column contains an invalid value. The required format is 'yyyy-MM-dd'.
Error,row 36,Unable to add user: The Expiry date column contains an invalid value. The required format is 'yyyy-MM-dd'.
Error,row 37,Unable to add user: The Expiry date column contains an invalid value. The required format is 'yyyy-MM-dd'.
Error,row 38,Unable to add user: The Expiry date column contains an invalid value. The required format is 'yyyy-MM-dd'.
Error,row 39,Unable to add user: The Expiry date column contains an invalid value. The required format is 'yyyy-MM-dd'.
Error,row 40,Unable to add user: The Expiry date column contains an invalid value. The required format is 'yyyy-MM-dd'.
Error,row 41,Unable to add user: The Expiry date column contains an invalid value. The required format is 'yyyy-MM-dd'.
Error,row 42,Unable to add user: The Expiry date column contains an invalid value. The required format is 'yyyy-MM-dd'.
Error,row 43,Unable to add user: The Expiry date column contains an invalid value. The required format is 'yyyy-MM-dd'.
Error,row 44,Unable to add user: The Expiry date column contains an invalid value. The required format is 'yyyy-MM-dd'.
Error,row 45,Unable to add user: The Expiry date column contains an invalid value. The required format is 'yyyy-MM-dd'.
Error,row 46,Unable to add user: The Expiry date column contains an invalid value. The required format is 'yyyy-MM-dd'.
Error,row 47,Unable to add user: The Expiry date column contains an invalid value. The required format is 'yyyy-MM-dd'.
Error,row 48,Unable to add user: The Expiry date column contains an invalid value. The required format is 'yyyy-MM-dd'.
Error,row 49,Unable to add user: The Expiry date column contains an invalid value. The required format is 'yyyy-MM-dd'.
Error,row 50,Unable to add user: The Expiry date column contains an invalid value. The required format is 'yyyy-MM-dd'.
Error,row 51,Unable to add user: The Expiry date column contains an invalid value. The required format is 'yyyy-MM-dd'.
Error,row 52,Unable to add user: The Expiry date column contains an invalid value. The required format is 'yyyy-MM-dd'.
Error,row 53,Unable to add user: The Expiry date column contains an invalid value. The required format is 'yyyy-MM-dd'.
Error,row 54,Unable to add user: The Expiry date column contains an invalid value. The required format is 'yyyy-MM-dd'.
Error,row 55,Unable to add user: The Expiry date column contains an invalid value. The required format is 'yyyy-MM-dd'.
Error,row 56,Unable to add user: The Expiry date column contains an invalid value. The required format is 'yyyy-MM-dd'.
Error,row 57,Unable to add user: The Expiry date column contains an invalid value. The required format is 'yyyy-MM-dd'.
Error,row 58,Unable to add user: The Expiry date column contains an invalid value. The required format is 'yyyy-MM-dd'.
Error,row 59,Unable to add user: The Expiry date column contains an invalid value. The required format is 'yyyy-MM-dd'.
Error,row 60,Unable to add user: The Expiry date column contains an invalid value. The required format is 'yyyy-MM-dd'.
Error,row 61,Unable to add user: The Expiry date column contains an invalid value. The required format is 'yyyy-MM-dd'.
Error,row 62,Unable to add user: The Expiry date column contains an invalid value. The required format is 'yyyy-MM-dd'.
Error,row 63,Unable to add user: The Expiry date column contains an invalid value. The required format is 'yyyy-MM-dd'.
Error,row 64,Unable to add user: The Expiry date column contains an invalid value. The required format is 'yyyy-MM-dd'.
Error,row 65,Unable to add user: The Expiry date column contains an invalid value. The required format is 'yyyy-MM-dd'.
Error,row 66,Unable to add user: The Expiry date column contains an invalid value. The required format is 'yyyy-MM-dd'.
Error,row 67,Unable to add user: The Expiry date column contains an invalid value. The required format is 'yyyy-MM-dd'.
Error,row 68,Unable to add user: The Expiry date column contains an invalid value. The required format is 'yyyy-MM-dd'.
Error,row 69,Unable to add user: The Expiry date column contains an invalid value. The required format is 'yyyy-MM-dd'.
Error,row 70,Unable to add user: The Expiry date column contains an invalid value. The required format is 'yyyy-MM-dd'.
Error,row 71,Unable to add user: The Expiry date column contains an invalid value. The required format is 'yyyy-MM-dd'.
Error,row 72,Unable to add user: The Expiry date column contains an invalid value. The required format is 'yyyy-MM-dd'.
Error,row 73,Unable to add user: The Expiry date column contains an invalid value. The required format is 'yyyy-MM-dd'.
Error,row 74,Unable to add user: The Expiry date column contains an invalid value. The required format is 'yyyy-MM-dd'.
Error,row 75,Unable to add user: The Expiry date column contains an invalid value. The required format is 'yyyy-MM-dd'.
Error,row 76,Unable to add user: The Expiry date column contains an invalid value. The required format is 'yyyy-MM-dd'.
Error,row 77,Unable to add user: The Expiry date column contains an invalid value. The required format is 'yyyy-MM-dd'.
Error,row 78,Unable to add user: The Expiry date column contains an invalid value. The required format is 'yyyy-MM-dd'.
Error,row 79,Unable to add user: The Expiry date column contains an invalid value. The required format is 'yyyy-MM-dd'.
Error,row 80,Unable to add user: The Expiry date column contains an invalid value. The required format is 'yyyy-MM-dd'.
Error,row 81,Unable to add user: The Expiry date column contains an invalid value. The required format is 'yyyy-MM-dd'.
Error,row 82,Unable to add user: The Expiry date column contains an invalid value. The required format is 'yyyy-MM-dd'.
Error,row 83,Unable to add user: The Expiry date column contains an invalid value. The required format is 'yyyy-MM-dd'.
Error,row 84,Unable to add user: The Expiry date column contains an invalid value. The required format is 'yyyy-MM-dd'.
Error,row 85,Unable to add user: The Expiry date column contains an invalid value. The required format is 'yyyy-MM-dd'.
Error,row 86,Unable to add user: The Expiry date column contains an invalid value. The required format is 'yyyy-MM-dd'.
Error,row 87,Unable to add user: The Expiry date column contains an invalid value. The required format is 'yyyy-MM-dd'.
Error,row 88,Unable to add user: The Expiry date column contains an invalid value. The required format is 'yyyy-MM-dd'.
Error,row 89,Unable to add user: The Expiry date column contains an invalid value. The required format is 'yyyy-MM-dd'.
Error,row 90,Unable to add user: The Expiry date column contains an invalid value. The required format is 'yyyy-MM-dd'.
Error,row 91,Unable to add user: The Expiry date column contains an invalid value. The required format is 'yyyy-MM-dd'.
Error,row 92,Unable to add user: The Expiry date column contains an invalid value. The required format is 'yyyy-MM-dd'.
Error,row 93,Unable to add user: The Expiry date column contains an invalid value. The required format is 'yyyy-MM-dd'.
Error,row 94,Unable to add user: The Expiry date column contains an invalid value. The required format is 'yyyy-MM-dd'.
Error,row 95,Unable to add user: The Expiry date column contains an invalid value. The required format is 'yyyy-MM-dd'.
Error,row 96,Unable to add user: The Expiry date column contains an invalid value. The required format is 'yyyy-MM-dd'.
Error,row 97,Unable to add user: The Expiry date column contains an invalid value. The required format is 'yyyy-MM-dd'.
Error,row 98,Unable to add user: The Expiry date column contains an invalid value. The required format is 'yyyy-MM-dd'.
Error,row 99,Unable to add user: The Expiry date column contains an invalid value. The required format is 'yyyy-MM-dd'.
Error,row 100,Unable to add user: The Expiry date column contains an invalid value. The required format is 'yyyy-MM-dd'.
Error,row 101,Unable to add user: The Expiry date column contains an invalid value. The required format is 'yyyy-MM-dd'.
Error,row 102,Unable to add user: The Expiry date column contains an invalid value. The required format is 'yyyy-MM-dd'.
Error,row 103,Unable to add user: The Expiry date column contains an invalid value. The required format is 'yyyy-MM-dd'.
Error,row 104,Unable to add user: The Expiry date column contains an invalid value. The required format is 'yyyy-MM-dd'.
Error,row 105,Unable to add user: The Expiry date column contains an invalid value. The required format is 'yyyy-MM-dd'.
Error,row 106,Unable to add user: The Expiry date column contains an invalid value. The required format is 'yyyy-MM-dd'.
Error,row 107,Unable to add user: The Expiry date column contains an invalid value. The required format is 'yyyy-MM-dd'.
Error,row 108,Unable to add user: The Expiry date column contains an invalid value. The required format is 'yyyy-MM-dd'.
