"Iteration","Timestamp","Path","ShareRelativePath","ClientComputerName","ClientUserName","ContinuouslyAvailable","Locks"
"1","3/7/2023 10:52:23 AM","\winreg","winreg","10.12.10.93","WW\s.at.p2vmonitoring","False","0"
"2","3/7/2023 10:52:24 AM","\winreg","winreg","10.12.10.93","WW\s.at.p2vmonitoring","False","0"
"3","3/7/2023 10:52:25 AM","\winreg","winreg","10.12.10.93","WW\s.at.p2vmonitoring","False","0"
"4","3/7/2023 10:52:26 AM","\winreg","winreg","10.12.10.93","WW\s.at.p2vmonitoring","False","0"
"5","3/7/2023 10:52:27 AM","\winreg","winreg","10.12.10.93","WW\s.at.p2vmonitoring","False","0"
"6","3/7/2023 10:52:28 AM","\winreg","winreg","10.12.10.93","WW\s.at.p2vmonitoring","False","0"
"7","3/7/2023 10:52:29 AM","\winreg","winreg","10.12.10.93","WW\s.at.p2vmonitoring","False","0"
"8","3/7/2023 10:52:30 AM","\winreg","winreg","10.12.10.93","WW\s.at.p2vmonitoring","False","0"
"9","3/7/2023 10:52:31 AM","\winreg","winreg","10.12.10.93","WW\s.at.p2vmonitoring","False","0"
"10","3/7/2023 10:52:32 AM","\winreg","winreg","10.12.10.93","WW\s.at.p2vmonitoring","False","0"
"11","3/7/2023 10:52:33 AM","\winreg","winreg","10.12.10.93","WW\s.at.p2vmonitoring","False","0"
"12","3/7/2023 10:52:34 AM","\winreg","winreg","10.12.10.93","WW\s.at.p2vmonitoring","False","0"
"13","3/7/2023 10:52:35 AM","\winreg","winreg","10.12.10.93","WW\s.at.p2vmonitoring","False","0"
"14","3/7/2023 10:52:36 AM","\winreg","winreg","10.12.10.93","WW\s.at.p2vmonitoring","False","0"
"15","3/7/2023 10:52:37 AM","\winreg","winreg","10.12.10.93","WW\s.at.p2vmonitoring","False","0"
"16","3/7/2023 10:52:38 AM","\winreg","winreg","10.12.10.93","WW\s.at.p2vmonitoring","False","0"
"17","3/7/2023 10:52:39 AM","\winreg","winreg","10.12.10.93","WW\s.at.p2vmonitoring","False","0"
"18","3/7/2023 10:52:40 AM","\winreg","winreg","10.12.10.93","WW\s.at.p2vmonitoring","False","0"
"19","3/7/2023 10:52:41 AM","\winreg","winreg","10.12.10.93","WW\s.at.p2vmonitoring","False","0"
"20","3/7/2023 10:52:42 AM","\winreg","winreg","10.12.10.93","WW\s.at.p2vmonitoring","False","0"
"21","3/7/2023 10:52:43 AM","\winreg","winreg","10.12.10.93","WW\s.at.p2vmonitoring","False","0"
"22","3/7/2023 10:52:44 AM","\winreg","winreg","10.12.10.93","WW\s.at.p2vmonitoring","False","0"
"23","3/7/2023 10:52:45 AM","\winreg","winreg","10.12.10.93","WW\s.at.p2vmonitoring","False","0"
"24","3/7/2023 10:52:46 AM","\winreg","winreg","10.12.10.93","WW\s.at.p2vmonitoring","False","0"
"25","3/7/2023 10:52:47 AM","\winreg","winreg","10.12.10.93","WW\s.at.p2vmonitoring","False","0"
"26","3/7/2023 10:52:48 AM","\winreg","winreg","10.12.10.93","WW\s.at.p2vmonitoring","False","0"
"27","3/7/2023 10:52:49 AM","\winreg","winreg","10.12.10.93","WW\s.at.p2vmonitoring","False","0"
"28","3/7/2023 10:52:50 AM","\winreg","winreg","10.12.10.93","WW\s.at.p2vmonitoring","False","0"
"29","3/7/2023 10:52:51 AM","\winreg","winreg","10.12.10.93","WW\s.at.p2vmonitoring","False","0"
"30","3/7/2023 10:52:52 AM","\winreg","winreg","10.12.10.93","WW\s.at.p2vmonitoring","False","0"
"31","3/7/2023 10:52:53 AM","\winreg","winreg","10.12.10.93","WW\s.at.p2vmonitoring","False","0"
"32","3/7/2023 10:52:54 AM","\winreg","winreg","10.12.10.93","WW\s.at.p2vmonitoring","False","0"
"33","3/7/2023 10:52:55 AM","\winreg","winreg","10.12.10.93","WW\s.at.p2vmonitoring","False","0"
"34","3/7/2023 10:52:56 AM","\winreg","winreg","10.12.10.93","WW\s.at.p2vmonitoring","False","0"
"35","3/7/2023 10:52:57 AM","\winreg","winreg","10.12.10.93","WW\s.at.p2vmonitoring","False","0"
"36","3/7/2023 10:52:58 AM","\winreg","winreg","10.12.10.93","WW\s.at.p2vmonitoring","False","0"
"37","3/7/2023 10:52:59 AM","\winreg","winreg","10.12.10.93","WW\s.at.p2vmonitoring","False","0"
"38","3/7/2023 10:53:00 AM","\winreg","winreg","10.12.10.93","WW\s.at.p2vmonitoring","False","0"
"39","3/7/2023 10:53:01 AM","\winreg","winreg","10.12.10.93","WW\s.at.p2vmonitoring","False","0"
"40","3/7/2023 10:53:02 AM","\winreg","winreg","10.12.10.93","WW\s.at.p2vmonitoring","False","0"
"41","3/7/2023 10:53:03 AM","\winreg","winreg","10.12.10.93","WW\s.at.p2vmonitoring","False","0"
"42","3/7/2023 10:53:04 AM","\winreg","winreg","10.12.10.93","WW\s.at.p2vmonitoring","False","0"
"43","3/7/2023 10:53:05 AM","\winreg","winreg","10.12.10.93","WW\s.at.p2vmonitoring","False","0"
"44","3/7/2023 10:53:06 AM","\winreg","winreg","10.12.10.93","WW\s.at.p2vmonitoring","False","0"
"45","3/7/2023 10:53:07 AM","\winreg","winreg","10.12.10.93","WW\s.at.p2vmonitoring","False","0"
"46","3/7/2023 10:53:08 AM","\winreg","winreg","10.12.10.93","WW\s.at.p2vmonitoring","False","0"
"47","3/7/2023 10:53:09 AM","\winreg","winreg","10.12.10.93","WW\s.at.p2vmonitoring","False","0"
"48","3/7/2023 10:53:10 AM","\winreg","winreg","10.12.10.93","WW\s.at.p2vmonitoring","False","0"
"49","3/7/2023 10:53:11 AM","\winreg","winreg","10.12.10.93","WW\s.at.p2vmonitoring","False","0"
"50","3/7/2023 10:53:12 AM","\winreg","winreg","10.12.10.93","WW\s.at.p2vmonitoring","False","0"
"51","3/7/2023 10:53:13 AM","\winreg","winreg","10.12.10.93","WW\s.at.p2vmonitoring","False","0"
"52","3/7/2023 10:53:14 AM","\winreg","winreg","10.12.10.93","WW\s.at.p2vmonitoring","False","0"
"53","3/7/2023 10:53:15 AM","\winreg","winreg","10.12.10.93","WW\s.at.p2vmonitoring","False","0"
"54","3/7/2023 10:53:16 AM","\winreg","winreg","10.12.10.93","WW\s.at.p2vmonitoring","False","0"
"55","3/7/2023 10:53:17 AM","\winreg","winreg","10.12.10.93","WW\s.at.p2vmonitoring","False","0"
"56","3/7/2023 10:53:18 AM","\winreg","winreg","10.12.10.93","WW\s.at.p2vmonitoring","False","0"
"57","3/7/2023 10:53:19 AM","\winreg","winreg","10.12.10.93","WW\s.at.p2vmonitoring","False","0"
"58","3/7/2023 10:53:20 AM","\winreg","winreg","10.12.10.93","WW\s.at.p2vmonitoring","False","0"
"59","3/7/2023 10:53:21 AM","\winreg","winreg","10.12.10.93","WW\s.at.p2vmonitoring","False","0"
"60","3/7/2023 10:53:22 AM","\winreg","winreg","10.12.10.93","WW\s.at.p2vmonitoring","False","0"
"61","3/7/2023 10:53:23 AM","\winreg","winreg","10.12.10.93","WW\s.at.p2vmonitoring","False","0"
"62","3/7/2023 10:53:24 AM","\winreg","winreg","10.12.10.93","WW\s.at.p2vmonitoring","False","0"
"63","3/7/2023 10:53:25 AM","\winreg","winreg","10.12.10.93","WW\s.at.p2vmonitoring","False","0"
"64","3/7/2023 10:53:26 AM","\winreg","winreg","10.12.10.93","WW\s.at.p2vmonitoring","False","0"
"65","3/7/2023 10:53:27 AM","\winreg","winreg","10.12.10.93","WW\s.at.p2vmonitoring","False","0"
"66","3/7/2023 10:53:28 AM","\winreg","winreg","10.12.10.93","WW\s.at.p2vmonitoring","False","0"
"67","3/7/2023 10:53:29 AM","\winreg","winreg","10.12.10.93","WW\s.at.p2vmonitoring","False","0"
"68","3/7/2023 10:53:30 AM","\winreg","winreg","10.12.10.93","WW\s.at.p2vmonitoring","False","0"
"69","3/7/2023 10:53:31 AM","\winreg","winreg","10.12.10.93","WW\s.at.p2vmonitoring","False","0"
"70","3/7/2023 10:53:32 AM","\winreg","winreg","10.12.10.93","WW\s.at.p2vmonitoring","False","0"
"71","3/7/2023 10:53:33 AM","\winreg","winreg","10.12.10.93","WW\s.at.p2vmonitoring","False","0"
"72","3/7/2023 10:53:34 AM","\winreg","winreg","10.12.10.93","WW\s.at.p2vmonitoring","False","0"
"73","3/7/2023 10:53:35 AM","\winreg","winreg","10.12.10.93","WW\s.at.p2vmonitoring","False","0"
"74","3/7/2023 10:53:36 AM","\winreg","winreg","10.12.10.93","WW\s.at.p2vmonitoring","False","0"
"75","3/7/2023 10:53:37 AM","\winreg","winreg","10.12.10.93","WW\s.at.p2vmonitoring","False","0"
"76","3/7/2023 10:53:38 AM","\winreg","winreg","10.12.10.93","WW\s.at.p2vmonitoring","False","0"
"77","3/7/2023 10:53:39 AM","\winreg","winreg","10.12.10.93","WW\s.at.p2vmonitoring","False","0"
"78","3/7/2023 10:53:40 AM","\winreg","winreg","10.12.10.93","WW\s.at.p2vmonitoring","False","0"
"79","3/7/2023 10:53:41 AM","\winreg","winreg","10.12.10.93","WW\s.at.p2vmonitoring","False","0"
"80","3/7/2023 10:53:42 AM","\winreg","winreg","10.12.10.93","WW\s.at.p2vmonitoring","False","0"
"81","3/7/2023 10:53:43 AM","\winreg","winreg","10.12.10.93","WW\s.at.p2vmonitoring","False","0"
"82","3/7/2023 10:53:44 AM","\winreg","winreg","10.12.10.93","WW\s.at.p2vmonitoring","False","0"
"83","3/7/2023 10:53:45 AM","\winreg","winreg","10.12.10.93","WW\s.at.p2vmonitoring","False","0"
"84","3/7/2023 10:53:46 AM","\winreg","winreg","10.12.10.93","WW\s.at.p2vmonitoring","False","0"
"85","3/7/2023 10:53:47 AM","\winreg","winreg","10.12.10.93","WW\s.at.p2vmonitoring","False","0"
"86","3/7/2023 10:53:48 AM","\winreg","winreg","10.12.10.93","WW\s.at.p2vmonitoring","False","0"
"87","3/7/2023 10:53:49 AM","\winreg","winreg","10.12.10.93","WW\s.at.p2vmonitoring","False","0"
"88","3/7/2023 10:53:50 AM","\winreg","winreg","10.12.10.93","WW\s.at.p2vmonitoring","False","0"
"89","3/7/2023 10:53:51 AM","\winreg","winreg","10.12.10.93","WW\s.at.p2vmonitoring","False","0"
"90","3/7/2023 10:53:52 AM","\winreg","winreg","10.12.10.93","WW\s.at.p2vmonitoring","False","0"
"91","3/7/2023 10:53:53 AM","\winreg","winreg","10.12.10.93","WW\s.at.p2vmonitoring","False","0"
"92","3/7/2023 10:53:54 AM","\winreg","winreg","10.12.10.93","WW\s.at.p2vmonitoring","False","0"
"93","3/7/2023 10:53:55 AM","\winreg","winreg","10.12.10.93","WW\s.at.p2vmonitoring","False","0"
"94","3/7/2023 10:53:56 AM","\winreg","winreg","10.12.10.93","WW\s.at.p2vmonitoring","False","0"
"95","3/7/2023 10:53:57 AM","\winreg","winreg","10.12.10.93","WW\s.at.p2vmonitoring","False","0"
"96","3/7/2023 10:53:58 AM","\winreg","winreg","10.12.10.93","WW\s.at.p2vmonitoring","False","0"
"97","3/7/2023 10:54:00 AM","\winreg","winreg","10.12.10.93","WW\s.at.p2vmonitoring","False","0"
"98","3/7/2023 10:54:01 AM","\winreg","winreg","10.12.10.93","WW\s.at.p2vmonitoring","False","0"
"99","3/7/2023 10:54:02 AM","\winreg","winreg","10.12.10.93","WW\s.at.p2vmonitoring","False","0"
"100","3/7/2023 10:54:03 AM","\winreg","winreg","10.12.10.93","WW\s.at.p2vmonitoring","False","0"
"101","3/7/2023 10:54:04 AM","\winreg","winreg","10.12.10.93","WW\s.at.p2vmonitoring","False","0"
"102","3/7/2023 10:54:05 AM","\winreg","winreg","10.12.10.93","WW\s.at.p2vmonitoring","False","0"
"103","3/7/2023 10:54:06 AM","\winreg","winreg","10.12.10.93","WW\s.at.p2vmonitoring","False","0"
"104","3/7/2023 10:54:07 AM","\winreg","winreg","10.12.10.93","WW\s.at.p2vmonitoring","False","0"
"105","3/7/2023 10:54:08 AM","\winreg","winreg","10.12.10.93","WW\s.at.p2vmonitoring","False","0"
"106","3/7/2023 10:54:09 AM","\winreg","winreg","10.12.10.93","WW\s.at.p2vmonitoring","False","0"
"107","3/7/2023 10:54:10 AM","\winreg","winreg","10.12.10.93","WW\s.at.p2vmonitoring","False","0"
"108","3/7/2023 10:54:11 AM","\winreg","winreg","10.12.10.93","WW\s.at.p2vmonitoring","False","0"
"109","3/7/2023 10:54:12 AM","\winreg","winreg","10.12.10.93","WW\s.at.p2vmonitoring","False","0"
"110","3/7/2023 10:54:13 AM","\winreg","winreg","10.12.10.93","WW\s.at.p2vmonitoring","False","0"
"111","3/7/2023 10:54:14 AM","\winreg","winreg","10.12.10.93","WW\s.at.p2vmonitoring","False","0"
"112","3/7/2023 10:54:15 AM","\winreg","winreg","10.12.10.93","WW\s.at.p2vmonitoring","False","0"
"113","3/7/2023 10:54:16 AM","\winreg","winreg","10.12.10.93","WW\s.at.p2vmonitoring","False","0"
"114","3/7/2023 10:54:17 AM","\winreg","winreg","10.12.10.93","WW\s.at.p2vmonitoring","False","0"
"115","3/7/2023 10:54:18 AM","\winreg","winreg","10.12.10.93","WW\s.at.p2vmonitoring","False","0"
"116","3/7/2023 10:54:19 AM","\winreg","winreg","10.12.10.93","WW\s.at.p2vmonitoring","False","0"
"117","3/7/2023 10:54:20 AM","\winreg","winreg","10.12.10.93","WW\s.at.p2vmonitoring","False","0"
"118","3/7/2023 10:54:21 AM","\winreg","winreg","10.12.10.93","WW\s.at.p2vmonitoring","False","0"
"119","3/7/2023 10:54:22 AM","\winreg","winreg","10.12.10.93","WW\s.at.p2vmonitoring","False","0"
"120","3/7/2023 10:54:23 AM","\winreg","winreg","10.12.10.93","WW\s.at.p2vmonitoring","False","0"
"121","3/7/2023 10:54:24 AM","\winreg","winreg","10.12.10.93","WW\s.at.p2vmonitoring","False","0"
"122","3/7/2023 10:54:25 AM","\winreg","winreg","10.12.10.93","WW\s.at.p2vmonitoring","False","0"
"123","3/7/2023 10:54:26 AM","\winreg","winreg","10.12.10.93","WW\s.at.p2vmonitoring","False","0"
"124","3/7/2023 10:54:27 AM","\winreg","winreg","10.12.10.93","WW\s.at.p2vmonitoring","False","0"
"125","3/7/2023 10:54:28 AM","\winreg","winreg","10.12.10.93","WW\s.at.p2vmonitoring","False","0"
"126","3/7/2023 10:54:29 AM","\winreg","winreg","10.12.10.93","WW\s.at.p2vmonitoring","False","0"
"127","3/7/2023 10:54:30 AM","\winreg","winreg","10.12.10.93","WW\s.at.p2vmonitoring","False","0"
"128","3/7/2023 10:54:31 AM","\winreg","winreg","10.12.10.93","WW\s.at.p2vmonitoring","False","0"
"129","3/7/2023 10:54:32 AM","\winreg","winreg","10.12.10.93","WW\s.at.p2vmonitoring","False","0"
"130","3/7/2023 10:54:33 AM","\winreg","winreg","10.12.10.93","WW\s.at.p2vmonitoring","False","0"
"131","3/7/2023 10:54:34 AM","\winreg","winreg","10.12.10.93","WW\s.at.p2vmonitoring","False","0"
"132","3/7/2023 10:54:35 AM","\winreg","winreg","10.12.10.93","WW\s.at.p2vmonitoring","False","0"
"133","3/7/2023 10:54:36 AM","\winreg","winreg","10.12.10.93","WW\s.at.p2vmonitoring","False","0"
"134","3/7/2023 10:54:37 AM","\winreg","winreg","10.12.10.93","WW\s.at.p2vmonitoring","False","0"
"135","3/7/2023 10:54:38 AM","\winreg","winreg","10.12.10.93","WW\s.at.p2vmonitoring","False","0"
"136","3/7/2023 10:54:39 AM","\winreg","winreg","10.12.10.93","WW\s.at.p2vmonitoring","False","0"
"137","3/7/2023 10:54:40 AM","\winreg","winreg","10.12.10.93","WW\s.at.p2vmonitoring","False","0"
"138","3/7/2023 10:54:41 AM","\winreg","winreg","10.12.10.93","WW\s.at.p2vmonitoring","False","0"
"139","3/7/2023 10:54:42 AM","\winreg","winreg","10.12.10.93","WW\s.at.p2vmonitoring","False","0"
"140","3/7/2023 10:54:43 AM","\winreg","winreg","10.12.10.93","WW\s.at.p2vmonitoring","False","0"
"141","3/7/2023 10:54:44 AM","\winreg","winreg","10.12.10.93","WW\s.at.p2vmonitoring","False","0"
"142","3/7/2023 10:54:45 AM","\winreg","winreg","10.12.10.93","WW\s.at.p2vmonitoring","False","0"
"143","3/7/2023 10:54:46 AM","\winreg","winreg","10.12.10.93","WW\s.at.p2vmonitoring","False","0"
"144","3/7/2023 10:54:47 AM","\winreg","winreg","10.12.10.93","WW\s.at.p2vmonitoring","False","0"
"145","3/7/2023 10:54:48 AM","\winreg","winreg","10.12.10.93","WW\s.at.p2vmonitoring","False","0"
"146","3/7/2023 10:54:49 AM","\winreg","winreg","10.12.10.93","WW\s.at.p2vmonitoring","False","0"
"147","3/7/2023 10:54:50 AM","\winreg","winreg","10.12.10.93","WW\s.at.p2vmonitoring","False","0"
"148","3/7/2023 10:54:51 AM","\winreg","winreg","10.12.10.93","WW\s.at.p2vmonitoring","False","0"
"149","3/7/2023 10:54:52 AM","\winreg","winreg","10.12.10.93","WW\s.at.p2vmonitoring","False","0"
"150","3/7/2023 10:54:53 AM","\winreg","winreg","10.12.10.93","WW\s.at.p2vmonitoring","False","0"
"151","3/7/2023 10:54:54 AM","\winreg","winreg","10.12.10.93","WW\s.at.p2vmonitoring","False","0"
"152","3/7/2023 10:54:55 AM","\winreg","winreg","10.12.10.93","WW\s.at.p2vmonitoring","False","0"
"153","3/7/2023 10:54:56 AM","\winreg","winreg","10.12.10.93","WW\s.at.p2vmonitoring","False","0"
"154","3/7/2023 10:54:57 AM","\winreg","winreg","10.12.10.93","WW\s.at.p2vmonitoring","False","0"
"155","3/7/2023 10:54:58 AM","\winreg","winreg","10.12.10.93","WW\s.at.p2vmonitoring","False","0"
"156","3/7/2023 10:54:59 AM","\winreg","winreg","10.12.10.93","WW\s.at.p2vmonitoring","False","0"
"157","3/7/2023 10:55:00 AM","\winreg","winreg","10.12.10.93","WW\s.at.p2vmonitoring","False","0"
"158","3/7/2023 10:55:01 AM","\winreg","winreg","10.12.10.93","WW\s.at.p2vmonitoring","False","0"
"159","3/7/2023 10:55:02 AM","\winreg","winreg","10.12.10.93","WW\s.at.p2vmonitoring","False","0"
"160","3/7/2023 10:55:03 AM","\winreg","winreg","10.12.10.93","WW\s.at.p2vmonitoring","False","0"
"161","3/7/2023 10:55:04 AM","\winreg","winreg","10.12.10.93","WW\s.at.p2vmonitoring","False","0"
"162","3/7/2023 10:55:05 AM","\winreg","winreg","10.12.10.93","WW\s.at.p2vmonitoring","False","0"
"163","3/7/2023 10:55:06 AM","\winreg","winreg","10.12.10.93","WW\s.at.p2vmonitoring","False","0"
"164","3/7/2023 10:55:07 AM","\winreg","winreg","10.12.10.93","WW\s.at.p2vmonitoring","False","0"
"165","3/7/2023 10:55:08 AM","\winreg","winreg","10.12.10.93","WW\s.at.p2vmonitoring","False","0"
"166","3/7/2023 10:55:09 AM","\winreg","winreg","10.12.10.93","WW\s.at.p2vmonitoring","False","0"
"167","3/7/2023 10:55:10 AM","\winreg","winreg","10.12.10.93","WW\s.at.p2vmonitoring","False","0"
"168","3/7/2023 10:55:11 AM","\winreg","winreg","10.12.10.93","WW\s.at.p2vmonitoring","False","0"
"169","3/7/2023 10:55:12 AM","\winreg","winreg","10.12.10.93","WW\s.at.p2vmonitoring","False","0"
"170","3/7/2023 10:55:13 AM","\winreg","winreg","10.12.10.93","WW\s.at.p2vmonitoring","False","0"
"171","3/7/2023 10:55:14 AM","\winreg","winreg","10.12.10.93","WW\s.at.p2vmonitoring","False","0"
"172","3/7/2023 10:55:15 AM","\winreg","winreg","10.12.10.93","WW\s.at.p2vmonitoring","False","0"
"173","3/7/2023 10:55:16 AM","\winreg","winreg","10.12.10.93","WW\s.at.p2vmonitoring","False","0"
"174","3/7/2023 10:55:17 AM","\winreg","winreg","10.12.10.93","WW\s.at.p2vmonitoring","False","0"
"175","3/7/2023 10:55:18 AM","\winreg","winreg","10.12.10.93","WW\s.at.p2vmonitoring","False","0"
"176","3/7/2023 10:55:19 AM","\winreg","winreg","10.12.10.93","WW\s.at.p2vmonitoring","False","0"
"177","3/7/2023 10:55:20 AM","\winreg","winreg","10.12.10.93","WW\s.at.p2vmonitoring","False","0"
"178","3/7/2023 10:55:21 AM","\winreg","winreg","10.12.10.93","WW\s.at.p2vmonitoring","False","0"
"179","3/7/2023 10:55:22 AM","\winreg","winreg","10.12.10.93","WW\s.at.p2vmonitoring","False","0"
"180","3/7/2023 10:55:23 AM","\winreg","winreg","10.12.10.93","WW\s.at.p2vmonitoring","False","0"
"181","3/7/2023 10:55:24 AM","\winreg","winreg","10.12.10.93","WW\s.at.p2vmonitoring","False","0"
"182","3/7/2023 10:55:25 AM","\winreg","winreg","10.12.10.93","WW\s.at.p2vmonitoring","False","0"
"183","3/7/2023 10:55:26 AM","\winreg","winreg","10.12.10.93","WW\s.at.p2vmonitoring","False","0"
"184","3/7/2023 10:55:27 AM","\winreg","winreg","10.12.10.93","WW\s.at.p2vmonitoring","False","0"
"185","3/7/2023 10:55:28 AM","\winreg","winreg","10.12.10.93","WW\s.at.p2vmonitoring","False","0"
"186","3/7/2023 10:55:29 AM","\winreg","winreg","10.12.10.93","WW\s.at.p2vmonitoring","False","0"
"187","3/7/2023 10:55:30 AM","\winreg","winreg","10.12.10.93","WW\s.at.p2vmonitoring","False","0"
"188","3/7/2023 10:55:31 AM","\winreg","winreg","10.12.10.93","WW\s.at.p2vmonitoring","False","0"
"189","3/7/2023 10:55:32 AM","\winreg","winreg","10.12.10.93","WW\s.at.p2vmonitoring","False","0"
"190","3/7/2023 10:55:33 AM","\winreg","winreg","10.12.10.93","WW\s.at.p2vmonitoring","False","0"
"191","3/7/2023 10:55:34 AM","\winreg","winreg","10.12.10.93","WW\s.at.p2vmonitoring","False","0"
"192","3/7/2023 10:55:35 AM","\winreg","winreg","10.12.10.93","WW\s.at.p2vmonitoring","False","0"
"193","3/7/2023 10:55:36 AM","\winreg","winreg","10.12.10.93","WW\s.at.p2vmonitoring","False","0"
"194","3/7/2023 10:55:37 AM","\winreg","winreg","10.12.10.93","WW\s.at.p2vmonitoring","False","0"
"195","3/7/2023 10:55:38 AM","\winreg","winreg","10.12.10.93","WW\s.at.p2vmonitoring","False","0"
"196","3/7/2023 10:55:39 AM","\winreg","winreg","10.12.10.93","WW\s.at.p2vmonitoring","False","0"
"197","3/7/2023 10:55:40 AM","\winreg","winreg","10.12.10.93","WW\s.at.p2vmonitoring","False","0"
"198","3/7/2023 10:55:41 AM","\winreg","winreg","10.12.10.93","WW\s.at.p2vmonitoring","False","0"
"199","3/7/2023 10:55:42 AM","\winreg","winreg","10.12.10.93","WW\s.at.p2vmonitoring","False","0"
"200","3/7/2023 10:55:43 AM","\winreg","winreg","10.12.10.93","WW\s.at.p2vmonitoring","False","0"
"201","3/7/2023 10:55:44 AM","\winreg","winreg","10.12.10.93","WW\s.at.p2vmonitoring","False","0"
"202","3/7/2023 10:55:45 AM","\winreg","winreg","10.12.10.93","WW\s.at.p2vmonitoring","False","0"
"203","3/7/2023 10:55:46 AM","\winreg","winreg","10.12.10.93","WW\s.at.p2vmonitoring","False","0"
"204","3/7/2023 10:55:47 AM","\winreg","winreg","10.12.10.93","WW\s.at.p2vmonitoring","False","0"
"205","3/7/2023 10:55:48 AM","\winreg","winreg","10.12.10.93","WW\s.at.p2vmonitoring","False","0"
"206","3/7/2023 10:55:49 AM","\winreg","winreg","10.12.10.93","WW\s.at.p2vmonitoring","False","0"
"207","3/7/2023 10:55:50 AM","\winreg","winreg","10.12.10.93","WW\s.at.p2vmonitoring","False","0"
"208","3/7/2023 10:55:51 AM","\winreg","winreg","10.12.10.93","WW\s.at.p2vmonitoring","False","0"
"209","3/7/2023 10:55:52 AM","\winreg","winreg","10.12.10.93","WW\s.at.p2vmonitoring","False","0"
"210","3/7/2023 10:55:53 AM","\winreg","winreg","10.12.10.93","WW\s.at.p2vmonitoring","False","0"
"211","3/7/2023 10:55:54 AM","\winreg","winreg","10.12.10.93","WW\s.at.p2vmonitoring","False","0"
"212","3/7/2023 10:55:55 AM","\winreg","winreg","10.12.10.93","WW\s.at.p2vmonitoring","False","0"
"213","3/7/2023 10:55:56 AM","\winreg","winreg","10.12.10.93","WW\s.at.p2vmonitoring","False","0"
"214","3/7/2023 10:55:57 AM","\winreg","winreg","10.12.10.93","WW\s.at.p2vmonitoring","False","0"
"215","3/7/2023 10:55:58 AM","\winreg","winreg","10.12.10.93","WW\s.at.p2vmonitoring","False","0"
"216","3/7/2023 10:56:00 AM","\winreg","winreg","10.12.10.93","WW\s.at.p2vmonitoring","False","0"
"217","3/7/2023 10:56:01 AM","\winreg","winreg","10.12.10.93","WW\s.at.p2vmonitoring","False","0"
"218","3/7/2023 10:56:02 AM","\winreg","winreg","10.12.10.93","WW\s.at.p2vmonitoring","False","0"
"219","3/7/2023 10:56:03 AM","\winreg","winreg","10.12.10.93","WW\s.at.p2vmonitoring","False","0"
"220","3/7/2023 10:56:04 AM","\winreg","winreg","10.12.10.93","WW\s.at.p2vmonitoring","False","0"
"221","3/7/2023 10:56:05 AM","\winreg","winreg","10.12.10.93","WW\s.at.p2vmonitoring","False","0"
"222","3/7/2023 10:56:06 AM","\winreg","winreg","10.12.10.93","WW\s.at.p2vmonitoring","False","0"
"223","3/7/2023 10:56:07 AM","\winreg","winreg","10.12.10.93","WW\s.at.p2vmonitoring","False","0"
"224","3/7/2023 10:56:08 AM","\winreg","winreg","10.12.10.93","WW\s.at.p2vmonitoring","False","0"
"225","3/7/2023 10:56:09 AM","\winreg","winreg","10.12.10.93","WW\s.at.p2vmonitoring","False","0"
"226","3/7/2023 10:56:10 AM","\winreg","winreg","10.12.10.93","WW\s.at.p2vmonitoring","False","0"
"227","3/7/2023 10:56:11 AM","\winreg","winreg","10.12.10.93","WW\s.at.p2vmonitoring","False","0"
"228","3/7/2023 10:56:12 AM","\winreg","winreg","10.12.10.93","WW\s.at.p2vmonitoring","False","0"
"229","3/7/2023 10:56:13 AM","\winreg","winreg","10.12.10.93","WW\s.at.p2vmonitoring","False","0"
"230","3/7/2023 10:56:14 AM","\winreg","winreg","10.12.10.93","WW\s.at.p2vmonitoring","False","0"
"231","3/7/2023 10:56:15 AM","\winreg","winreg","10.12.10.93","WW\s.at.p2vmonitoring","False","0"
"232","3/7/2023 10:56:16 AM","\winreg","winreg","10.12.10.93","WW\s.at.p2vmonitoring","False","0"
"233","3/7/2023 10:56:17 AM","\winreg","winreg","10.12.10.93","WW\s.at.p2vmonitoring","False","0"
"234","3/7/2023 10:56:18 AM","\winreg","winreg","10.12.10.93","WW\s.at.p2vmonitoring","False","0"
"235","3/7/2023 10:56:19 AM","\winreg","winreg","10.12.10.93","WW\s.at.p2vmonitoring","False","0"
"236","3/7/2023 10:56:20 AM","\winreg","winreg","10.12.10.93","WW\s.at.p2vmonitoring","False","0"
"237","3/7/2023 10:56:21 AM","\winreg","winreg","10.12.10.93","WW\s.at.p2vmonitoring","False","0"
"238","3/7/2023 10:56:22 AM","\winreg","winreg","10.12.10.93","WW\s.at.p2vmonitoring","False","0"
"239","3/7/2023 10:56:23 AM","\winreg","winreg","10.12.10.93","WW\s.at.p2vmonitoring","False","0"
"240","3/7/2023 10:56:24 AM","\winreg","winreg","10.12.10.93","WW\s.at.p2vmonitoring","False","0"
"241","3/7/2023 10:56:25 AM","\winreg","winreg","10.12.10.93","WW\s.at.p2vmonitoring","False","0"
"242","3/7/2023 10:56:26 AM","\winreg","winreg","10.12.10.93","WW\s.at.p2vmonitoring","False","0"
"243","3/7/2023 10:56:27 AM","\winreg","winreg","10.12.10.93","WW\s.at.p2vmonitoring","False","0"
"244","3/7/2023 10:56:28 AM","\winreg","winreg","10.12.10.93","WW\s.at.p2vmonitoring","False","0"
"245","3/7/2023 10:56:29 AM","\winreg","winreg","10.12.10.93","WW\s.at.p2vmonitoring","False","0"
"246","3/7/2023 10:56:30 AM","\winreg","winreg","10.12.10.93","WW\s.at.p2vmonitoring","False","0"
"247","3/7/2023 10:56:31 AM","\winreg","winreg","10.12.10.93","WW\s.at.p2vmonitoring","False","0"
"248","3/7/2023 10:56:32 AM","\winreg","winreg","10.12.10.93","WW\s.at.p2vmonitoring","False","0"
"249","3/7/2023 10:56:33 AM","\winreg","winreg","10.12.10.93","WW\s.at.p2vmonitoring","False","0"
"250","3/7/2023 10:56:34 AM","\winreg","winreg","10.12.10.93","WW\s.at.p2vmonitoring","False","0"
"251","3/7/2023 10:56:35 AM","\winreg","winreg","10.12.10.93","WW\s.at.p2vmonitoring","False","0"
"252","3/7/2023 10:56:36 AM","\winreg","winreg","10.12.10.93","WW\s.at.p2vmonitoring","False","0"
"253","3/7/2023 10:56:37 AM","\winreg","winreg","10.12.10.93","WW\s.at.p2vmonitoring","False","0"
"254","3/7/2023 10:56:38 AM","\winreg","winreg","10.12.10.93","WW\s.at.p2vmonitoring","False","0"
"255","3/7/2023 10:56:39 AM","\winreg","winreg","10.12.10.93","WW\s.at.p2vmonitoring","False","0"
"256","3/7/2023 10:56:40 AM","\winreg","winreg","10.12.10.93","WW\s.at.p2vmonitoring","False","0"
"257","3/7/2023 10:56:41 AM","\winreg","winreg","10.12.10.93","WW\s.at.p2vmonitoring","False","0"
"258","3/7/2023 10:56:42 AM","\winreg","winreg","10.12.10.93","WW\s.at.p2vmonitoring","False","0"
"259","3/7/2023 10:56:43 AM","\winreg","winreg","10.12.10.93","WW\s.at.p2vmonitoring","False","0"
"260","3/7/2023 10:56:44 AM","\winreg","winreg","10.12.10.93","WW\s.at.p2vmonitoring","False","0"
"261","3/7/2023 10:56:45 AM","\winreg","winreg","10.12.10.93","WW\s.at.p2vmonitoring","False","0"
"262","3/7/2023 10:56:46 AM","\winreg","winreg","10.12.10.93","WW\s.at.p2vmonitoring","False","0"
"263","3/7/2023 10:56:47 AM","\winreg","winreg","10.12.10.93","WW\s.at.p2vmonitoring","False","0"
"264","3/7/2023 10:56:48 AM","\winreg","winreg","10.12.10.93","WW\s.at.p2vmonitoring","False","0"
"265","3/7/2023 10:56:49 AM","\winreg","winreg","10.12.10.93","WW\s.at.p2vmonitoring","False","0"
"266","3/7/2023 10:56:50 AM","\winreg","winreg","10.12.10.93","WW\s.at.p2vmonitoring","False","0"
"267","3/7/2023 10:56:51 AM","\winreg","winreg","10.12.10.93","WW\s.at.p2vmonitoring","False","0"
"268","3/7/2023 10:56:52 AM","\winreg","winreg","10.12.10.93","WW\s.at.p2vmonitoring","False","0"
"269","3/7/2023 10:56:53 AM","\winreg","winreg","10.12.10.93","WW\s.at.p2vmonitoring","False","0"
"270","3/7/2023 10:56:54 AM","\winreg","winreg","10.12.10.93","WW\s.at.p2vmonitoring","False","0"
"271","3/7/2023 10:56:55 AM","\winreg","winreg","10.12.10.93","WW\s.at.p2vmonitoring","False","0"
"272","3/7/2023 10:56:56 AM","\winreg","winreg","10.12.10.93","WW\s.at.p2vmonitoring","False","0"
"273","3/7/2023 10:56:57 AM","\winreg","winreg","10.12.10.93","WW\s.at.p2vmonitoring","False","0"
"274","3/7/2023 10:56:58 AM","\winreg","winreg","10.12.10.93","WW\s.at.p2vmonitoring","False","0"
"275","3/7/2023 10:56:59 AM","\winreg","winreg","10.12.10.93","WW\s.at.p2vmonitoring","False","0"
"276","3/7/2023 10:57:00 AM","\winreg","winreg","10.12.10.93","WW\s.at.p2vmonitoring","False","0"
"277","3/7/2023 10:57:01 AM","\winreg","winreg","10.12.10.93","WW\s.at.p2vmonitoring","False","0"
"278","3/7/2023 10:57:02 AM","\winreg","winreg","10.12.10.93","WW\s.at.p2vmonitoring","False","0"
"279","3/7/2023 10:57:03 AM","\winreg","winreg","10.12.10.93","WW\s.at.p2vmonitoring","False","0"
"280","3/7/2023 10:57:04 AM","\winreg","winreg","10.12.10.93","WW\s.at.p2vmonitoring","False","0"
"281","3/7/2023 10:57:05 AM","\winreg","winreg","10.12.10.93","WW\s.at.p2vmonitoring","False","0"
"282","3/7/2023 10:57:06 AM","\winreg","winreg","10.12.10.93","WW\s.at.p2vmonitoring","False","0"
"283","3/7/2023 10:57:07 AM","\winreg","winreg","10.12.10.93","WW\s.at.p2vmonitoring","False","0"
"284","3/7/2023 10:57:08 AM","\winreg","winreg","10.12.10.93","WW\s.at.p2vmonitoring","False","0"
"285","3/7/2023 10:57:09 AM","\winreg","winreg","10.12.10.93","WW\s.at.p2vmonitoring","False","0"
"286","3/7/2023 10:57:10 AM","\winreg","winreg","10.12.10.93","WW\s.at.p2vmonitoring","False","0"
"287","3/7/2023 10:57:11 AM","\winreg","winreg","10.12.10.93","WW\s.at.p2vmonitoring","False","0"
"288","3/7/2023 10:57:12 AM","\winreg","winreg","10.12.10.93","WW\s.at.p2vmonitoring","False","0"
"289","3/7/2023 10:57:13 AM","\winreg","winreg","10.12.10.93","WW\s.at.p2vmonitoring","False","0"
"290","3/7/2023 10:57:14 AM","\winreg","winreg","10.12.10.93","WW\s.at.p2vmonitoring","False","0"
"291","3/7/2023 10:57:15 AM","\winreg","winreg","10.12.10.93","WW\s.at.p2vmonitoring","False","0"
"292","3/7/2023 10:57:16 AM","\winreg","winreg","10.12.10.93","WW\s.at.p2vmonitoring","False","0"
"293","3/7/2023 10:57:17 AM","\winreg","winreg","10.12.10.93","WW\s.at.p2vmonitoring","False","0"
"294","3/7/2023 10:57:18 AM","\winreg","winreg","10.12.10.93","WW\s.at.p2vmonitoring","False","0"
"295","3/7/2023 10:57:19 AM","\winreg","winreg","10.12.10.93","WW\s.at.p2vmonitoring","False","0"
"296","3/7/2023 10:57:20 AM","\winreg","winreg","10.12.10.93","WW\s.at.p2vmonitoring","False","0"
"297","3/7/2023 10:57:21 AM","\winreg","winreg","10.12.10.93","WW\s.at.p2vmonitoring","False","0"
"298","3/7/2023 10:57:22 AM","\winreg","winreg","10.12.10.93","WW\s.at.p2vmonitoring","False","0"
"299","3/7/2023 10:57:23 AM","\winreg","winreg","10.12.10.93","WW\s.at.p2vmonitoring","False","0"
"300","3/7/2023 10:57:24 AM","\winreg","winreg","10.12.10.93","WW\s.at.p2vmonitoring","False","0"
"301","3/7/2023 10:57:25 AM","\winreg","winreg","10.12.10.93","WW\s.at.p2vmonitoring","False","0"
"302","3/7/2023 10:57:26 AM","\winreg","winreg","10.12.10.93","WW\s.at.p2vmonitoring","False","0"
"303","3/7/2023 10:57:27 AM","\winreg","winreg","10.12.10.93","WW\s.at.p2vmonitoring","False","0"
"304","3/7/2023 10:57:28 AM","\winreg","winreg","10.12.10.93","WW\s.at.p2vmonitoring","False","0"
"305","3/7/2023 10:57:29 AM","\winreg","winreg","10.12.10.93","WW\s.at.p2vmonitoring","False","0"
"306","3/7/2023 10:57:30 AM","\winreg","winreg","10.12.10.93","WW\s.at.p2vmonitoring","False","0"
"307","3/7/2023 10:57:31 AM","\winreg","winreg","10.12.10.93","WW\s.at.p2vmonitoring","False","0"
"308","3/7/2023 10:57:32 AM","\winreg","winreg","10.12.10.93","WW\s.at.p2vmonitoring","False","0"
"309","3/7/2023 10:57:33 AM","\winreg","winreg","10.12.10.93","WW\s.at.p2vmonitoring","False","0"
"310","3/7/2023 10:57:34 AM","\winreg","winreg","10.12.10.93","WW\s.at.p2vmonitoring","False","0"
"311","3/7/2023 10:57:35 AM","\winreg","winreg","10.12.10.93","WW\s.at.p2vmonitoring","False","0"
"312","3/7/2023 10:57:36 AM","\winreg","winreg","10.12.10.93","WW\s.at.p2vmonitoring","False","0"
"313","3/7/2023 10:57:37 AM","\winreg","winreg","10.12.10.93","WW\s.at.p2vmonitoring","False","0"
"314","3/7/2023 10:57:38 AM","\winreg","winreg","10.12.10.93","WW\s.at.p2vmonitoring","False","0"
"315","3/7/2023 10:57:39 AM","\winreg","winreg","10.12.10.93","WW\s.at.p2vmonitoring","False","0"
"316","3/7/2023 10:57:40 AM","\winreg","winreg","10.12.10.93","WW\s.at.p2vmonitoring","False","0"
"317","3/7/2023 10:57:41 AM","\winreg","winreg","10.12.10.93","WW\s.at.p2vmonitoring","False","0"
"318","3/7/2023 10:57:42 AM","\winreg","winreg","10.12.10.93","WW\s.at.p2vmonitoring","False","0"
"319","3/7/2023 10:57:43 AM","\winreg","winreg","10.12.10.93","WW\s.at.p2vmonitoring","False","0"
"320","3/7/2023 10:57:44 AM","\winreg","winreg","10.12.10.93","WW\s.at.p2vmonitoring","False","0"
"321","3/7/2023 10:57:45 AM","\winreg","winreg","10.12.10.93","WW\s.at.p2vmonitoring","False","0"
"322","3/7/2023 10:57:46 AM","\winreg","winreg","10.12.10.93","WW\s.at.p2vmonitoring","False","0"
"323","3/7/2023 10:57:47 AM","\winreg","winreg","10.12.10.93","WW\s.at.p2vmonitoring","False","0"
"324","3/7/2023 10:57:48 AM","\winreg","winreg","10.12.10.93","WW\s.at.p2vmonitoring","False","0"
"325","3/7/2023 10:57:49 AM","\winreg","winreg","10.12.10.93","WW\s.at.p2vmonitoring","False","0"
"326","3/7/2023 10:57:50 AM","\winreg","winreg","10.12.10.93","WW\s.at.p2vmonitoring","False","0"
"327","3/7/2023 10:57:51 AM","\winreg","winreg","10.12.10.93","WW\s.at.p2vmonitoring","False","0"
"328","3/7/2023 10:57:52 AM","\winreg","winreg","10.12.10.93","WW\s.at.p2vmonitoring","False","0"
"329","3/7/2023 10:57:53 AM","\winreg","winreg","10.12.10.93","WW\s.at.p2vmonitoring","False","0"
"330","3/7/2023 10:57:54 AM","\winreg","winreg","10.12.10.93","WW\s.at.p2vmonitoring","False","0"
"331","3/7/2023 10:57:55 AM","\winreg","winreg","10.12.10.93","WW\s.at.p2vmonitoring","False","0"
"332","3/7/2023 10:57:56 AM","\winreg","winreg","10.12.10.93","WW\s.at.p2vmonitoring","False","0"
"333","3/7/2023 10:57:57 AM","\winreg","winreg","10.12.10.93","WW\s.at.p2vmonitoring","False","0"
"334","3/7/2023 10:57:58 AM","\winreg","winreg","10.12.10.93","WW\s.at.p2vmonitoring","False","0"
"335","3/7/2023 10:57:59 AM","\winreg","winreg","10.12.10.93","WW\s.at.p2vmonitoring","False","0"
"336","3/7/2023 10:58:00 AM","\winreg","winreg","10.12.10.93","WW\s.at.p2vmonitoring","False","0"
"337","3/7/2023 10:58:01 AM","\winreg","winreg","10.12.10.93","WW\s.at.p2vmonitoring","False","0"
"338","3/7/2023 10:58:02 AM","\winreg","winreg","10.12.10.93","WW\s.at.p2vmonitoring","False","0"
"339","3/7/2023 10:58:03 AM","\winreg","winreg","10.12.10.93","WW\s.at.p2vmonitoring","False","0"
"340","3/7/2023 10:58:04 AM","\winreg","winreg","10.12.10.93","WW\s.at.p2vmonitoring","False","0"
"341","3/7/2023 10:58:05 AM","\winreg","winreg","10.12.10.93","WW\s.at.p2vmonitoring","False","0"
"342","3/7/2023 10:58:06 AM","\winreg","winreg","10.12.10.93","WW\s.at.p2vmonitoring","False","0"
"343","3/7/2023 10:58:07 AM","\winreg","winreg","10.12.10.93","WW\s.at.p2vmonitoring","False","0"
"344","3/7/2023 10:58:09 AM","\winreg","winreg","10.12.10.93","WW\s.at.p2vmonitoring","False","0"
"345","3/7/2023 10:58:10 AM","\winreg","winreg","10.12.10.93","WW\s.at.p2vmonitoring","False","0"
"346","3/7/2023 10:58:11 AM","\winreg","winreg","10.12.10.93","WW\s.at.p2vmonitoring","False","0"
"347","3/7/2023 10:58:12 AM","\winreg","winreg","10.12.10.93","WW\s.at.p2vmonitoring","False","0"
"348","3/7/2023 10:58:13 AM","\winreg","winreg","10.12.10.93","WW\s.at.p2vmonitoring","False","0"
"349","3/7/2023 10:58:14 AM","\winreg","winreg","10.12.10.93","WW\s.at.p2vmonitoring","False","0"
"350","3/7/2023 10:58:15 AM","\winreg","winreg","10.12.10.93","WW\s.at.p2vmonitoring","False","0"
"351","3/7/2023 10:58:16 AM","\winreg","winreg","10.12.10.93","WW\s.at.p2vmonitoring","False","0"
"352","3/7/2023 10:58:17 AM","\winreg","winreg","10.12.10.93","WW\s.at.p2vmonitoring","False","0"
"353","3/7/2023 10:58:18 AM","\winreg","winreg","10.12.10.93","WW\s.at.p2vmonitoring","False","0"
"354","3/7/2023 10:58:19 AM","\winreg","winreg","10.12.10.93","WW\s.at.p2vmonitoring","False","0"
"355","3/7/2023 10:58:20 AM","\winreg","winreg","10.12.10.93","WW\s.at.p2vmonitoring","False","0"
"356","3/7/2023 10:58:21 AM","\winreg","winreg","10.12.10.93","WW\s.at.p2vmonitoring","False","0"
"357","3/7/2023 10:58:22 AM","\winreg","winreg","10.12.10.93","WW\s.at.p2vmonitoring","False","0"
"358","3/7/2023 10:58:23 AM","\winreg","winreg","10.12.10.93","WW\s.at.p2vmonitoring","False","0"
"359","3/7/2023 10:58:24 AM","\winreg","winreg","10.12.10.93","WW\s.at.p2vmonitoring","False","0"
"360","3/7/2023 10:58:25 AM","\winreg","winreg","10.12.10.93","WW\s.at.p2vmonitoring","False","0"
"361","3/7/2023 10:58:26 AM","\winreg","winreg","10.12.10.93","WW\s.at.p2vmonitoring","False","0"
"362","3/7/2023 10:58:27 AM","\winreg","winreg","10.12.10.93","WW\s.at.p2vmonitoring","False","0"
"363","3/7/2023 10:58:28 AM","\winreg","winreg","10.12.10.93","WW\s.at.p2vmonitoring","False","0"
"364","3/7/2023 10:58:29 AM","\winreg","winreg","10.12.10.93","WW\s.at.p2vmonitoring","False","0"
"365","3/7/2023 10:58:30 AM","\winreg","winreg","10.12.10.93","WW\s.at.p2vmonitoring","False","0"
"366","3/7/2023 10:58:31 AM","\winreg","winreg","10.12.10.93","WW\s.at.p2vmonitoring","False","0"
"367","3/7/2023 10:58:32 AM","\winreg","winreg","10.12.10.93","WW\s.at.p2vmonitoring","False","0"
"368","3/7/2023 10:58:33 AM","\winreg","winreg","10.12.10.93","WW\s.at.p2vmonitoring","False","0"
"369","3/7/2023 10:58:34 AM","\winreg","winreg","10.12.10.93","WW\s.at.p2vmonitoring","False","0"
"370","3/7/2023 10:58:35 AM","\winreg","winreg","10.12.10.93","WW\s.at.p2vmonitoring","False","0"
"371","3/7/2023 10:58:36 AM","\winreg","winreg","10.12.10.93","WW\s.at.p2vmonitoring","False","0"
"372","3/7/2023 10:58:37 AM","\winreg","winreg","10.12.10.93","WW\s.at.p2vmonitoring","False","0"
"373","3/7/2023 10:58:38 AM","\winreg","winreg","10.12.10.93","WW\s.at.p2vmonitoring","False","0"
"374","3/7/2023 10:58:39 AM","\winreg","winreg","10.12.10.93","WW\s.at.p2vmonitoring","False","0"
"375","3/7/2023 10:58:40 AM","\winreg","winreg","10.12.10.93","WW\s.at.p2vmonitoring","False","0"
"376","3/7/2023 10:58:41 AM","\winreg","winreg","10.12.10.93","WW\s.at.p2vmonitoring","False","0"
"377","3/7/2023 10:58:42 AM","\winreg","winreg","10.12.10.93","WW\s.at.p2vmonitoring","False","0"
"378","3/7/2023 10:58:43 AM","\winreg","winreg","10.12.10.93","WW\s.at.p2vmonitoring","False","0"
"379","3/7/2023 10:58:44 AM","\winreg","winreg","10.12.10.93","WW\s.at.p2vmonitoring","False","0"
"380","3/7/2023 10:58:45 AM","\winreg","winreg","10.12.10.93","WW\s.at.p2vmonitoring","False","0"
"381","3/7/2023 10:58:46 AM","\winreg","winreg","10.12.10.93","WW\s.at.p2vmonitoring","False","0"
"382","3/7/2023 10:58:47 AM","\winreg","winreg","10.12.10.93","WW\s.at.p2vmonitoring","False","0"
"383","3/7/2023 10:58:48 AM","\winreg","winreg","10.12.10.93","WW\s.at.p2vmonitoring","False","0"
"384","3/7/2023 10:58:49 AM","\winreg","winreg","10.12.10.93","WW\s.at.p2vmonitoring","False","0"
"385","3/7/2023 10:58:50 AM","\winreg","winreg","10.12.10.93","WW\s.at.p2vmonitoring","False","0"
"386","3/7/2023 10:58:51 AM","\winreg","winreg","10.12.10.93","WW\s.at.p2vmonitoring","False","0"
"387","3/7/2023 10:58:52 AM","\winreg","winreg","10.12.10.93","WW\s.at.p2vmonitoring","False","0"
"388","3/7/2023 10:58:53 AM","\winreg","winreg","10.12.10.93","WW\s.at.p2vmonitoring","False","0"
"389","3/7/2023 10:58:54 AM","\winreg","winreg","10.12.10.93","WW\s.at.p2vmonitoring","False","0"
"390","3/7/2023 10:58:55 AM","\winreg","winreg","10.12.10.93","WW\s.at.p2vmonitoring","False","0"
"391","3/7/2023 10:58:56 AM","\winreg","winreg","10.12.10.93","WW\s.at.p2vmonitoring","False","0"
"392","3/7/2023 10:58:57 AM","\winreg","winreg","10.12.10.93","WW\s.at.p2vmonitoring","False","0"
"393","3/7/2023 10:58:58 AM","\winreg","winreg","10.12.10.93","WW\s.at.p2vmonitoring","False","0"
"394","3/7/2023 10:58:59 AM","\winreg","winreg","10.12.10.93","WW\s.at.p2vmonitoring","False","0"
"395","3/7/2023 10:59:00 AM","\winreg","winreg","10.12.10.93","WW\s.at.p2vmonitoring","False","0"
"396","3/7/2023 10:59:01 AM","\winreg","winreg","10.12.10.93","WW\s.at.p2vmonitoring","False","0"
"397","3/7/2023 10:59:02 AM","\winreg","winreg","10.12.10.93","WW\s.at.p2vmonitoring","False","0"
"398","3/7/2023 10:59:03 AM","\winreg","winreg","10.12.10.93","WW\s.at.p2vmonitoring","False","0"
"399","3/7/2023 10:59:04 AM","\winreg","winreg","10.12.10.93","WW\s.at.p2vmonitoring","False","0"
"400","3/7/2023 10:59:05 AM","\winreg","winreg","10.12.10.93","WW\s.at.p2vmonitoring","False","0"
"401","3/7/2023 10:59:06 AM","\winreg","winreg","10.12.10.93","WW\s.at.p2vmonitoring","False","0"
"402","3/7/2023 10:59:07 AM","\winreg","winreg","10.12.10.93","WW\s.at.p2vmonitoring","False","0"
"403","3/7/2023 10:59:08 AM","\winreg","winreg","10.12.10.93","WW\s.at.p2vmonitoring","False","0"
"404","3/7/2023 10:59:09 AM","\winreg","winreg","10.12.10.93","WW\s.at.p2vmonitoring","False","0"
"405","3/7/2023 10:59:10 AM","\winreg","winreg","10.12.10.93","WW\s.at.p2vmonitoring","False","0"
"406","3/7/2023 10:59:11 AM","\winreg","winreg","10.12.10.93","WW\s.at.p2vmonitoring","False","0"
"407","3/7/2023 10:59:12 AM","\winreg","winreg","10.12.10.93","WW\s.at.p2vmonitoring","False","0"
"408","3/7/2023 10:59:13 AM","\winreg","winreg","10.12.10.93","WW\s.at.p2vmonitoring","False","0"
"409","3/7/2023 10:59:14 AM","\winreg","winreg","10.12.10.93","WW\s.at.p2vmonitoring","False","0"
"410","3/7/2023 10:59:15 AM","\winreg","winreg","10.12.10.93","WW\s.at.p2vmonitoring","False","0"
"411","3/7/2023 10:59:16 AM","\winreg","winreg","10.12.10.93","WW\s.at.p2vmonitoring","False","0"
"412","3/7/2023 10:59:17 AM","\winreg","winreg","10.12.10.93","WW\s.at.p2vmonitoring","False","0"
"413","3/7/2023 10:59:18 AM","\winreg","winreg","10.12.10.93","WW\s.at.p2vmonitoring","False","0"
"414","3/7/2023 10:59:19 AM","\winreg","winreg","10.12.10.93","WW\s.at.p2vmonitoring","False","0"
"415","3/7/2023 10:59:20 AM","\winreg","winreg","10.12.10.93","WW\s.at.p2vmonitoring","False","0"
"416","3/7/2023 10:59:21 AM","\winreg","winreg","10.12.10.93","WW\s.at.p2vmonitoring","False","0"
"417","3/7/2023 10:59:22 AM","\winreg","winreg","10.12.10.93","WW\s.at.p2vmonitoring","False","0"
"418","3/7/2023 10:59:23 AM","\winreg","winreg","10.12.10.93","WW\s.at.p2vmonitoring","False","0"
"419","3/7/2023 10:59:24 AM","\winreg","winreg","10.12.10.93","WW\s.at.p2vmonitoring","False","0"
"420","3/7/2023 10:59:25 AM","\winreg","winreg","10.12.10.93","WW\s.at.p2vmonitoring","False","0"
"421","3/7/2023 10:59:26 AM","\winreg","winreg","10.12.10.93","WW\s.at.p2vmonitoring","False","0"
"422","3/7/2023 10:59:27 AM","\winreg","winreg","10.12.10.93","WW\s.at.p2vmonitoring","False","0"
"423","3/7/2023 10:59:28 AM","\winreg","winreg","10.12.10.93","WW\s.at.p2vmonitoring","False","0"
"424","3/7/2023 10:59:29 AM","\winreg","winreg","10.12.10.93","WW\s.at.p2vmonitoring","False","0"
"425","3/7/2023 10:59:30 AM","\winreg","winreg","10.12.10.93","WW\s.at.p2vmonitoring","False","0"
"426","3/7/2023 10:59:31 AM","\winreg","winreg","10.12.10.93","WW\s.at.p2vmonitoring","False","0"
"427","3/7/2023 10:59:32 AM","\winreg","winreg","10.12.10.93","WW\s.at.p2vmonitoring","False","0"
"428","3/7/2023 10:59:33 AM","\winreg","winreg","10.12.10.93","WW\s.at.p2vmonitoring","False","0"
"429","3/7/2023 10:59:34 AM","\winreg","winreg","10.12.10.93","WW\s.at.p2vmonitoring","False","0"
"430","3/7/2023 10:59:35 AM","\winreg","winreg","10.12.10.93","WW\s.at.p2vmonitoring","False","0"
"431","3/7/2023 10:59:36 AM","\winreg","winreg","10.12.10.93","WW\s.at.p2vmonitoring","False","0"
"432","3/7/2023 10:59:37 AM","\winreg","winreg","10.12.10.93","WW\s.at.p2vmonitoring","False","0"
"433","3/7/2023 10:59:38 AM","\winreg","winreg","10.12.10.93","WW\s.at.p2vmonitoring","False","0"
"434","3/7/2023 10:59:39 AM","\winreg","winreg","10.12.10.93","WW\s.at.p2vmonitoring","False","0"
"435","3/7/2023 10:59:40 AM","\winreg","winreg","10.12.10.93","WW\s.at.p2vmonitoring","False","0"
"436","3/7/2023 10:59:41 AM","\winreg","winreg","10.12.10.93","WW\s.at.p2vmonitoring","False","0"
"437","3/7/2023 10:59:42 AM","\winreg","winreg","10.12.10.93","WW\s.at.p2vmonitoring","False","0"
"438","3/7/2023 10:59:43 AM","\winreg","winreg","10.12.10.93","WW\s.at.p2vmonitoring","False","0"
"439","3/7/2023 10:59:44 AM","\winreg","winreg","10.12.10.93","WW\s.at.p2vmonitoring","False","0"
"440","3/7/2023 10:59:45 AM","\winreg","winreg","10.12.10.93","WW\s.at.p2vmonitoring","False","0"
"441","3/7/2023 10:59:46 AM","\winreg","winreg","10.12.10.93","WW\s.at.p2vmonitoring","False","0"
"442","3/7/2023 10:59:47 AM","\winreg","winreg","10.12.10.93","WW\s.at.p2vmonitoring","False","0"
"443","3/7/2023 10:59:48 AM","\winreg","winreg","10.12.10.93","WW\s.at.p2vmonitoring","False","0"
"444","3/7/2023 10:59:49 AM","\winreg","winreg","10.12.10.93","WW\s.at.p2vmonitoring","False","0"
"445","3/7/2023 10:59:50 AM","\winreg","winreg","10.12.10.93","WW\s.at.p2vmonitoring","False","0"
"446","3/7/2023 10:59:51 AM","\winreg","winreg","10.12.10.93","WW\s.at.p2vmonitoring","False","0"
"447","3/7/2023 10:59:52 AM","\winreg","winreg","10.12.10.93","WW\s.at.p2vmonitoring","False","0"
"448","3/7/2023 10:59:53 AM","\winreg","winreg","10.12.10.93","WW\s.at.p2vmonitoring","False","0"
"449","3/7/2023 10:59:54 AM","\winreg","winreg","10.12.10.93","WW\s.at.p2vmonitoring","False","0"
"450","3/7/2023 10:59:55 AM","\winreg","winreg","10.12.10.93","WW\s.at.p2vmonitoring","False","0"
"451","3/7/2023 10:59:56 AM","\winreg","winreg","10.12.10.93","WW\s.at.p2vmonitoring","False","0"
"452","3/7/2023 10:59:57 AM","\winreg","winreg","10.12.10.93","WW\s.at.p2vmonitoring","False","0"
"453","3/7/2023 10:59:58 AM","\winreg","winreg","10.12.10.93","WW\s.at.p2vmonitoring","False","0"
"454","3/7/2023 10:59:59 AM","\winreg","winreg","10.12.10.93","WW\s.at.p2vmonitoring","False","0"
"455","3/7/2023 11:00:00 AM","\winreg","winreg","10.12.10.93","WW\s.at.p2vmonitoring","False","0"
"456","3/7/2023 11:00:01 AM","\winreg","winreg","10.12.10.93","WW\s.at.p2vmonitoring","False","0"
"457","3/7/2023 11:00:02 AM","\winreg","winreg","10.12.10.93","WW\s.at.p2vmonitoring","False","0"
"458","3/7/2023 11:00:04 AM","\winreg","winreg","10.12.10.93","WW\s.at.p2vmonitoring","False","0"
"459","3/7/2023 11:00:05 AM","\winreg","winreg","10.12.10.93","WW\s.at.p2vmonitoring","False","0"
"460","3/7/2023 11:00:06 AM","\winreg","winreg","10.12.10.93","WW\s.at.p2vmonitoring","False","0"
"461","3/7/2023 11:00:07 AM","\winreg","winreg","10.12.10.93","WW\s.at.p2vmonitoring","False","0"
"462","3/7/2023 11:00:08 AM","\winreg","winreg","10.12.10.93","WW\s.at.p2vmonitoring","False","0"
"463","3/7/2023 11:00:09 AM","\winreg","winreg","10.12.10.93","WW\s.at.p2vmonitoring","False","0"
"464","3/7/2023 11:00:10 AM","\winreg","winreg","10.12.10.93","WW\s.at.p2vmonitoring","False","0"
"465","3/7/2023 11:00:11 AM","\winreg","winreg","10.12.10.93","WW\s.at.p2vmonitoring","False","0"
"466","3/7/2023 11:00:12 AM","\winreg","winreg","10.12.10.93","WW\s.at.p2vmonitoring","False","0"
"467","3/7/2023 11:00:13 AM","\winreg","winreg","10.12.10.93","WW\s.at.p2vmonitoring","False","0"
"468","3/7/2023 11:00:14 AM","\winreg","winreg","10.12.10.93","WW\s.at.p2vmonitoring","False","0"
"469","3/7/2023 11:00:15 AM","\winreg","winreg","10.12.10.93","WW\s.at.p2vmonitoring","False","0"
"470","3/7/2023 11:00:16 AM","\winreg","winreg","10.12.10.93","WW\s.at.p2vmonitoring","False","0"
"471","3/7/2023 11:00:17 AM","\winreg","winreg","10.12.10.93","WW\s.at.p2vmonitoring","False","0"
"472","3/7/2023 11:00:18 AM","\winreg","winreg","10.12.10.93","WW\s.at.p2vmonitoring","False","0"
"473","3/7/2023 11:00:19 AM","\winreg","winreg","10.12.10.93","WW\s.at.p2vmonitoring","False","0"
"474","3/7/2023 11:00:20 AM","\winreg","winreg","10.12.10.93","WW\s.at.p2vmonitoring","False","0"
"475","3/7/2023 11:00:21 AM","\winreg","winreg","10.12.10.93","WW\s.at.p2vmonitoring","False","0"
"476","3/7/2023 11:00:22 AM","\winreg","winreg","10.12.10.93","WW\s.at.p2vmonitoring","False","0"
"477","3/7/2023 11:00:23 AM","\winreg","winreg","10.12.10.93","WW\s.at.p2vmonitoring","False","0"
"478","3/7/2023 11:00:24 AM","\winreg","winreg","10.12.10.93","WW\s.at.p2vmonitoring","False","0"
"479","3/7/2023 11:00:25 AM","\winreg","winreg","10.12.10.93","WW\s.at.p2vmonitoring","False","0"
"480","3/7/2023 11:00:26 AM","\winreg","winreg","10.12.10.93","WW\s.at.p2vmonitoring","False","0"
"481","3/7/2023 11:00:27 AM","\winreg","winreg","10.12.10.93","WW\s.at.p2vmonitoring","False","0"
"482","3/7/2023 11:00:28 AM","\winreg","winreg","10.12.10.93","WW\s.at.p2vmonitoring","False","0"
"483","3/7/2023 11:00:29 AM","\winreg","winreg","10.12.10.93","WW\s.at.p2vmonitoring","False","0"
"484","3/7/2023 11:00:30 AM","\winreg","winreg","10.12.10.93","WW\s.at.p2vmonitoring","False","0"
"485","3/7/2023 11:00:31 AM","\winreg","winreg","10.12.10.93","WW\s.at.p2vmonitoring","False","0"
"486","3/7/2023 11:00:32 AM","\winreg","winreg","10.12.10.93","WW\s.at.p2vmonitoring","False","0"
"487","3/7/2023 11:00:33 AM","\winreg","winreg","10.12.10.93","WW\s.at.p2vmonitoring","False","0"
"488","3/7/2023 11:00:34 AM","\winreg","winreg","10.12.10.93","WW\s.at.p2vmonitoring","False","0"
"489","3/7/2023 11:00:35 AM","\winreg","winreg","10.12.10.93","WW\s.at.p2vmonitoring","False","0"
"490","3/7/2023 11:00:36 AM","\winreg","winreg","10.12.10.93","WW\s.at.p2vmonitoring","False","0"
"491","3/7/2023 11:00:37 AM","\winreg","winreg","10.12.10.93","WW\s.at.p2vmonitoring","False","0"
"492","3/7/2023 11:00:38 AM","\winreg","winreg","10.12.10.93","WW\s.at.p2vmonitoring","False","0"
"493","3/7/2023 11:00:39 AM","\winreg","winreg","10.12.10.93","WW\s.at.p2vmonitoring","False","0"
"494","3/7/2023 11:00:40 AM","\winreg","winreg","10.12.10.93","WW\s.at.p2vmonitoring","False","0"
"495","3/7/2023 11:00:41 AM","\winreg","winreg","10.12.10.93","WW\s.at.p2vmonitoring","False","0"
"496","3/7/2023 11:00:42 AM","\winreg","winreg","10.12.10.93","WW\s.at.p2vmonitoring","False","0"
"497","3/7/2023 11:00:43 AM","\winreg","winreg","10.12.10.93","WW\s.at.p2vmonitoring","False","0"
"498","3/7/2023 11:00:44 AM","\winreg","winreg","10.12.10.93","WW\s.at.p2vmonitoring","False","0"
"499","3/7/2023 11:00:45 AM","\winreg","winreg","10.12.10.93","WW\s.at.p2vmonitoring","False","0"
"500","3/7/2023 11:00:46 AM","\winreg","winreg","10.12.10.93","WW\s.at.p2vmonitoring","False","0"
"501","3/7/2023 11:00:47 AM","\winreg","winreg","10.12.10.93","WW\s.at.p2vmonitoring","False","0"
"502","3/7/2023 11:00:48 AM","\winreg","winreg","10.12.10.93","WW\s.at.p2vmonitoring","False","0"
"503","3/7/2023 11:00:49 AM","\winreg","winreg","10.12.10.93","WW\s.at.p2vmonitoring","False","0"
"504","3/7/2023 11:00:50 AM","\winreg","winreg","10.12.10.93","WW\s.at.p2vmonitoring","False","0"
"505","3/7/2023 11:00:51 AM","\winreg","winreg","10.12.10.93","WW\s.at.p2vmonitoring","False","0"
"506","3/7/2023 11:00:52 AM","\winreg","winreg","10.12.10.93","WW\s.at.p2vmonitoring","False","0"
"507","3/7/2023 11:00:53 AM","\winreg","winreg","10.12.10.93","WW\s.at.p2vmonitoring","False","0"
"508","3/7/2023 11:00:54 AM","\winreg","winreg","10.12.10.93","WW\s.at.p2vmonitoring","False","0"
"509","3/7/2023 11:00:55 AM","\winreg","winreg","10.12.10.93","WW\s.at.p2vmonitoring","False","0"
"510","3/7/2023 11:00:56 AM","\winreg","winreg","10.12.10.93","WW\s.at.p2vmonitoring","False","0"
"511","3/7/2023 11:00:57 AM","\winreg","winreg","10.12.10.93","WW\s.at.p2vmonitoring","False","0"
"512","3/7/2023 11:00:58 AM","\winreg","winreg","10.12.10.93","WW\s.at.p2vmonitoring","False","0"
"513","3/7/2023 11:00:59 AM","\winreg","winreg","10.12.10.93","WW\s.at.p2vmonitoring","False","0"
"514","3/7/2023 11:01:00 AM","\winreg","winreg","10.12.10.93","WW\s.at.p2vmonitoring","False","0"
"515","3/7/2023 11:01:01 AM","\winreg","winreg","10.12.10.93","WW\s.at.p2vmonitoring","False","0"
"516","3/7/2023 11:01:02 AM","\winreg","winreg","10.12.10.93","WW\s.at.p2vmonitoring","False","0"
"517","3/7/2023 11:01:03 AM","\winreg","winreg","10.12.10.93","WW\s.at.p2vmonitoring","False","0"
"518","3/7/2023 11:01:04 AM","\winreg","winreg","10.12.10.93","WW\s.at.p2vmonitoring","False","0"
"519","3/7/2023 11:01:05 AM","\winreg","winreg","10.12.10.93","WW\s.at.p2vmonitoring","False","0"
"520","3/7/2023 11:01:06 AM","\winreg","winreg","10.12.10.93","WW\s.at.p2vmonitoring","False","0"
"521","3/7/2023 11:01:07 AM","\winreg","winreg","10.12.10.93","WW\s.at.p2vmonitoring","False","0"
"522","3/7/2023 11:01:08 AM","\winreg","winreg","10.12.10.93","WW\s.at.p2vmonitoring","False","0"
"523","3/7/2023 11:01:09 AM","\winreg","winreg","10.12.10.93","WW\s.at.p2vmonitoring","False","0"
"524","3/7/2023 11:01:10 AM","\winreg","winreg","10.12.10.93","WW\s.at.p2vmonitoring","False","0"
"525","3/7/2023 11:01:11 AM","\winreg","winreg","10.12.10.93","WW\s.at.p2vmonitoring","False","0"
"526","3/7/2023 11:01:12 AM","\winreg","winreg","10.12.10.93","WW\s.at.p2vmonitoring","False","0"
"527","3/7/2023 11:01:13 AM","\winreg","winreg","10.12.10.93","WW\s.at.p2vmonitoring","False","0"
"528","3/7/2023 11:01:14 AM","\winreg","winreg","10.12.10.93","WW\s.at.p2vmonitoring","False","0"
"529","3/7/2023 11:01:15 AM","\winreg","winreg","10.12.10.93","WW\s.at.p2vmonitoring","False","0"
"530","3/7/2023 11:01:16 AM","\winreg","winreg","10.12.10.93","WW\s.at.p2vmonitoring","False","0"
"531","3/7/2023 11:01:17 AM","\winreg","winreg","10.12.10.93","WW\s.at.p2vmonitoring","False","0"
"532","3/7/2023 11:01:18 AM","\winreg","winreg","10.12.10.93","WW\s.at.p2vmonitoring","False","0"
"533","3/7/2023 11:01:19 AM","\winreg","winreg","10.12.10.93","WW\s.at.p2vmonitoring","False","0"
"534","3/7/2023 11:01:20 AM","\winreg","winreg","10.12.10.93","WW\s.at.p2vmonitoring","False","0"
"535","3/7/2023 11:01:21 AM","\winreg","winreg","10.12.10.93","WW\s.at.p2vmonitoring","False","0"
"536","3/7/2023 11:01:22 AM","\winreg","winreg","10.12.10.93","WW\s.at.p2vmonitoring","False","0"
"537","3/7/2023 11:01:23 AM","\winreg","winreg","10.12.10.93","WW\s.at.p2vmonitoring","False","0"
"538","3/7/2023 11:01:24 AM","\winreg","winreg","10.12.10.93","WW\s.at.p2vmonitoring","False","0"
"539","3/7/2023 11:01:25 AM","\winreg","winreg","10.12.10.93","WW\s.at.p2vmonitoring","False","0"
"540","3/7/2023 11:01:26 AM","\winreg","winreg","10.12.10.93","WW\s.at.p2vmonitoring","False","0"
"541","3/7/2023 11:01:27 AM","\winreg","winreg","10.12.10.93","WW\s.at.p2vmonitoring","False","0"
"542","3/7/2023 11:01:28 AM","\winreg","winreg","10.12.10.93","WW\s.at.p2vmonitoring","False","0"
"543","3/7/2023 11:01:29 AM","\winreg","winreg","10.12.10.93","WW\s.at.p2vmonitoring","False","0"
"544","3/7/2023 11:01:30 AM","\winreg","winreg","10.12.10.93","WW\s.at.p2vmonitoring","False","0"
"545","3/7/2023 11:01:31 AM","\winreg","winreg","10.12.10.93","WW\s.at.p2vmonitoring","False","0"
"546","3/7/2023 11:01:32 AM","\winreg","winreg","10.12.10.93","WW\s.at.p2vmonitoring","False","0"
"547","3/7/2023 11:01:33 AM","\winreg","winreg","10.12.10.93","WW\s.at.p2vmonitoring","False","0"
"548","3/7/2023 11:01:34 AM","\winreg","winreg","10.12.10.93","WW\s.at.p2vmonitoring","False","0"
"549","3/7/2023 11:01:35 AM","\winreg","winreg","10.12.10.93","WW\s.at.p2vmonitoring","False","0"
"550","3/7/2023 11:01:36 AM","\winreg","winreg","10.12.10.93","WW\s.at.p2vmonitoring","False","0"
"551","3/7/2023 11:01:37 AM","\winreg","winreg","10.12.10.93","WW\s.at.p2vmonitoring","False","0"
"552","3/7/2023 11:01:38 AM","\winreg","winreg","10.12.10.93","WW\s.at.p2vmonitoring","False","0"
"553","3/7/2023 11:01:39 AM","\winreg","winreg","10.12.10.93","WW\s.at.p2vmonitoring","False","0"
"554","3/7/2023 11:01:40 AM","\winreg","winreg","10.12.10.93","WW\s.at.p2vmonitoring","False","0"
"555","3/7/2023 11:01:41 AM","\winreg","winreg","10.12.10.93","WW\s.at.p2vmonitoring","False","0"
"556","3/7/2023 11:01:42 AM","\winreg","winreg","10.12.10.93","WW\s.at.p2vmonitoring","False","0"
"557","3/7/2023 11:01:43 AM","\winreg","winreg","10.12.10.93","WW\s.at.p2vmonitoring","False","0"
"558","3/7/2023 11:01:44 AM","\winreg","winreg","10.12.10.93","WW\s.at.p2vmonitoring","False","0"
"559","3/7/2023 11:01:45 AM","\winreg","winreg","10.12.10.93","WW\s.at.p2vmonitoring","False","0"
"560","3/7/2023 11:01:46 AM","\winreg","winreg","10.12.10.93","WW\s.at.p2vmonitoring","False","0"
"561","3/7/2023 11:01:47 AM","\winreg","winreg","10.12.10.93","WW\s.at.p2vmonitoring","False","0"
"562","3/7/2023 11:01:48 AM","\winreg","winreg","10.12.10.93","WW\s.at.p2vmonitoring","False","0"
"563","3/7/2023 11:01:49 AM","\winreg","winreg","10.12.10.93","WW\s.at.p2vmonitoring","False","0"
"564","3/7/2023 11:01:50 AM","\winreg","winreg","10.12.10.93","WW\s.at.p2vmonitoring","False","0"
"565","3/7/2023 11:01:51 AM","\winreg","winreg","10.12.10.93","WW\s.at.p2vmonitoring","False","0"
"566","3/7/2023 11:01:52 AM","\winreg","winreg","10.12.10.93","WW\s.at.p2vmonitoring","False","0"
"567","3/7/2023 11:01:53 AM","\winreg","winreg","10.12.10.93","WW\s.at.p2vmonitoring","False","0"
"568","3/7/2023 11:01:54 AM","\winreg","winreg","10.12.10.93","WW\s.at.p2vmonitoring","False","0"
"569","3/7/2023 11:01:55 AM","\winreg","winreg","10.12.10.93","WW\s.at.p2vmonitoring","False","0"
"570","3/7/2023 11:01:56 AM","\winreg","winreg","10.12.10.93","WW\s.at.p2vmonitoring","False","0"
"571","3/7/2023 11:01:57 AM","\winreg","winreg","10.12.10.93","WW\s.at.p2vmonitoring","False","0"
"572","3/7/2023 11:01:58 AM","\winreg","winreg","10.12.10.93","WW\s.at.p2vmonitoring","False","0"
"573","3/7/2023 11:01:59 AM","\winreg","winreg","10.12.10.93","WW\s.at.p2vmonitoring","False","0"
"574","3/7/2023 11:02:00 AM","\winreg","winreg","10.12.10.93","WW\s.at.p2vmonitoring","False","0"
"575","3/7/2023 11:02:01 AM","\winreg","winreg","10.12.10.93","WW\s.at.p2vmonitoring","False","0"
"576","3/7/2023 11:02:02 AM","\winreg","winreg","10.12.10.93","WW\s.at.p2vmonitoring","False","0"
"577","3/7/2023 11:02:03 AM","\winreg","winreg","10.12.10.93","WW\s.at.p2vmonitoring","False","0"
"578","3/7/2023 11:02:04 AM","\winreg","winreg","10.12.10.93","WW\s.at.p2vmonitoring","False","0"
"579","3/7/2023 11:02:05 AM","\winreg","winreg","10.12.10.93","WW\s.at.p2vmonitoring","False","0"
"580","3/7/2023 11:02:06 AM","\winreg","winreg","10.12.10.93","WW\s.at.p2vmonitoring","False","0"
"581","3/7/2023 11:02:07 AM","\winreg","winreg","10.12.10.93","WW\s.at.p2vmonitoring","False","0"
"582","3/7/2023 11:02:08 AM","\winreg","winreg","10.12.10.93","WW\s.at.p2vmonitoring","False","0"
"583","3/7/2023 11:02:10 AM","\winreg","winreg","10.12.10.93","WW\s.at.p2vmonitoring","False","0"
"584","3/7/2023 11:02:11 AM","\winreg","winreg","10.12.10.93","WW\s.at.p2vmonitoring","False","0"
"585","3/7/2023 11:02:12 AM","\winreg","winreg","10.12.10.93","WW\s.at.p2vmonitoring","False","0"
"586","3/7/2023 11:02:13 AM","\winreg","winreg","10.12.10.93","WW\s.at.p2vmonitoring","False","0"
"587","3/7/2023 11:02:14 AM","\winreg","winreg","10.12.10.93","WW\s.at.p2vmonitoring","False","0"
"588","3/7/2023 11:02:15 AM","\winreg","winreg","10.12.10.93","WW\s.at.p2vmonitoring","False","0"
"589","3/7/2023 11:02:16 AM","\winreg","winreg","10.12.10.93","WW\s.at.p2vmonitoring","False","0"
"590","3/7/2023 11:02:17 AM","\winreg","winreg","10.12.10.93","WW\s.at.p2vmonitoring","False","0"
"591","3/7/2023 11:02:18 AM","\winreg","winreg","10.12.10.93","WW\s.at.p2vmonitoring","False","0"
"592","3/7/2023 11:02:19 AM","\winreg","winreg","10.12.10.93","WW\s.at.p2vmonitoring","False","0"
"593","3/7/2023 11:02:20 AM","\winreg","winreg","10.12.10.93","WW\s.at.p2vmonitoring","False","0"
"594","3/7/2023 11:02:21 AM","\winreg","winreg","10.12.10.93","WW\s.at.p2vmonitoring","False","0"
"595","3/7/2023 11:02:22 AM","\winreg","winreg","10.12.10.93","WW\s.at.p2vmonitoring","False","0"
"596","3/7/2023 11:02:23 AM","\winreg","winreg","10.12.10.93","WW\s.at.p2vmonitoring","False","0"
"597","3/7/2023 11:02:24 AM","\winreg","winreg","10.12.10.93","WW\s.at.p2vmonitoring","False","0"
"598","3/7/2023 11:02:25 AM","\winreg","winreg","10.12.10.93","WW\s.at.p2vmonitoring","False","0"
"599","3/7/2023 11:02:26 AM","\winreg","winreg","10.12.10.93","WW\s.at.p2vmonitoring","False","0"
"600","3/7/2023 11:02:27 AM","\winreg","winreg","10.12.10.93","WW\s.at.p2vmonitoring","False","0"
